id;id_2_employee;name;link;created;created_at;edited;edited_at
1;43535;Frozen;Kids program;impactful back-end pink;2023-04-18T04:33:20;application;2023-04-17T19:52:24
2;86877;markets Frozen Investor;FTP bypassing;Romania Mountains;2023-04-18T14:02:49;Seamless;2023-04-17T14:54:53
3;84810;enable Borders;Assistant Right-sized;payment Tasty Corporate;2023-04-18T08:34:36;Reactive purple Bike;2023-04-18T04:15:31
4;63569;Cloned;networks Chair;payment Orchestrator utilisation;2023-04-17T14:56:34;wireless;2023-04-18T10:11:30
5;65964;Chief;Implementation Missouri Dinar;structure Argentina;2023-04-18T08:50:05;Soft pixel;2023-04-17T17:17:20
6;51086;revolutionary Movies Account;Incredible Vision-oriented;generate;2023-04-18T06:31:03;Intuitive California Tennessee;2023-04-18T13:30:44
7;68671;Handcrafted calculating;lavender invoice;Account Granite copy;2023-04-18T00:51:36;cultivate well-modulated;2023-04-18T00:42:52
8;60019;Shoes content-based Krone;feed input Generic;Orchestrator Incredible USB;2023-04-17T19:31:13;Credit payment;2023-04-17T14:51:00
9;67908;transmit;Georgia Squares;foreground Frozen invoice;2023-04-17T19:12:09;Granite;2023-04-17T17:16:16
10;30436;grid-enabled;loyalty Maine lavender;Practical Michigan;2023-04-17T16:21:23;Generic hack Computers;2023-04-18T09:00:15
